time,bits/s
1574443832.092868,925665717.1718026
1574443832.192939,923381855.2712537
1574443832.293008,924094358.5728002
1574443832.393092,924418799.6832268
1574443832.493157,924717522.3896753
1574443832.593261,924121128.270746
1574443832.693357,923967904.7567846
1574443832.793481,922778500.0523142
1574443832.893603,922914058.1220055
1574443832.993686,923057817.9924494
1574443833.09381,924534830.4267857
1574443833.193862,924250780.4794027
1574443833.293984,924060743.6717776
1574443833.394034,923671603.4017743
1574443833.494113,922957414.4449079
1574443833.594213,922870854.2044404
1574443833.694271,923365085.4198211
1574443833.794384,923915062.807469
1574443833.894468,924303001.2616205
1574443833.99453,924835548.3470919
1574443834.094621,922795422.4546906
1574443834.194693,921865291.4482124
1574443834.294798,922019327.1495523
1574443834.394869,922549169.7775066
1574443834.494962,924432991.7676594
1574443834.595064,924714496.9821354
1574443834.695176,923921667.7205951
1574443834.795241,922742720.1745533
1574443834.895297,922834354.0353456
1574443834.995411,921935838.1706203
1574443835.095493,923976340.2902086
1574443835.195585,924112319.0420171
1574443835.295665,924427612.5476086
1574443835.39576,924057265.1673244
1574443835.495826,922953800.7303377
1574443835.595893,922134282.1017463
1574443835.695987,922685469.5170625
1574443835.796065,922861406.7967355
1574443835.896167,923561986.5185009
1574443835.996231,924835548.3470919
1574443836.096302,924537787.5318823
1574443836.19639,923811184.8649123
1574443836.296487,924277816.7019457
1574443836.396564,924363447.8936069
1574443836.496625,923732382.2557882
1574443836.596698,923017607.3395076
1574443836.696789,922977213.222485
1574443836.796861,922342440.113209
1574443836.896937,922748559.7292764
1574443836.997038,923898355.1745895
1574443837.0971,925073807.158224
1574443837.197186,923862726.9501475
1574443837.297289,924338530.7680416
1574443837.397394,923866629.6632148
1574443837.497457,924610517.408802
1574443837.597504,922657680.7656032
1574443837.697592,922873828.9698498
1574443837.797697,922963226.8445203
1574443837.89775,923190653.9722259
1574443837.997853,922615856.4166526
1574443838.097953,924850108.8473387
1574443838.198022,923779050.9125648
1574443838.298079,924462615.2798291
1574443838.398154,924824525.3299389
1574443838.498235,924685657.8240798
1574443838.598341,923056220.3389488
1574443838.69842,923171419.7116374
1574443838.798501,922820384.6482105
1574443838.898565,922875380.8212485
1574443838.998625,922785955.2859653
1574443839.098677,922967789.1502178
1574443839.198781,923163194.2395456
1574443839.298871,923996530.0031695
1574443839.398955,924621748.7022216
1574443839.499005,924525549.6623248
1574443839.59908,924372261.9108504
1574443839.699159,923770243.7903327
1574443839.799238,922155578.4772224
1574443839.899327,922291167.7727078
1574443839.999435,922807083.886028
1574443840.099533,922670828.2136391
1574443840.199631,922436315.1971023
1574443840.299693,924036733.5528456
1574443840.399756,924395265.8517908
1574443840.499832,924277520.033408
1574443840.599921,924477311.406683
1574443840.700023,924653803.4337133
1574443840.800079,922814553.9333441
1574443840.900201,922459772.2247988
1574443841.000263,922533043.8746704
1574443841.100365,922158603.4304832
1574443841.200452,921833884.8233213
1574443841.300515,924241966.5699784
1574443841.400575,924911683.3545785
1574443841.500663,924612934.3442056
1574443841.600778,924002217.8518962
1574443841.700856,924705493.4858755
1574443841.800967,925085022.6714288
1574443841.901048,924671233.501758
1574443842.001109,924870823.7678465
1574443842.101213,923649162.8866271
1574443842.20132,922714054.7601134
1574443842.301385,922739761.2152314
1574443842.401467,921882870.7521638
1574443842.501525,924659010.350841
1574443842.601617,924815869.1264814
1574443842.701699,924789253.4407582
1574443842.801785,923834099.231456
1574443842.901877,922166568.2422394
1574443843.001944,920463323.2666541
1574443843.102052,922097758.1921093
1574443843.202134,923617015.8686868
1574443843.302206,923642976.7607496
1574443843.402259,924473635.191753
1574443843.502346,923909364.397081
1574443843.602398,921239059.675735
1574443843.702476,922050761.8164899
1574443843.80253,922620286.2175558
1574443843.902618,924491510.8399706
1574443844.002705,924274364.2005177
1574443844.102802,923724009.1535889
1574443844.202901,921139122.4431003
1574443844.302975,922447273.2872219
1574443844.403079,922630502.873499
1574443844.503183,922626850.2520174
1574443844.603281,924329720.7056525
1574443844.703373,923770243.7903327
1574443844.803433,923953025.9934919
1574443844.903504,922444352.5609311
1574443845.003571,922025058.7090589
1574443845.103653,921764223.4597225
1574443845.203714,922777156.0587673
1574443845.303801,924375703.3101147
1574443845.403873,924418538.2591996
1574443845.503937,924601701.0567106
1574443845.604058,922352792.6393855
1574443845.704138,922601206.7482083
1574443845.804209,922461942.9071589
1574443845.904278,923408268.1734769
1574443846.004367,924135277.4799787
1574443846.10442,924366615.8949283
1574443846.204484,923680411.9560083
1574443846.304538,922736120.5284431
1574443846.404624,922319746.5210388
1574443846.504687,922397413.8309917
1574443846.604795,923984604.0960844
1574443846.704875,924459434.989278
1574443846.804928,924222135.8883898
1574443846.904997,922143074.5909084
1574443847.005071,922088124.2843434
1574443847.105162,922633446.678999
1574443847.205215,921575580.3200748
1574443847.305305,922415769.6790801
1574443847.405359,924462615.2798291
1574443847.505438,924120792.3599281
1574443847.605513,923810771.3602407
1574443847.705566,924482451.310454
1574443847.805642,924138415.7248521
1574443847.905727,923947709.1192281
1574443848.005787,922447273.2872219
1574443848.10589,922633446.678999
1574443848.205982,921921115.5609171
1574443848.306056,922429681.2918316
1574443848.406137,922832812.423305
1574443848.506209,923958720.8980781
1574443848.606326,923935787.601573
1574443848.706418,924450873.7865158
1574443848.806493,923932293.0697932
1574443848.906581,924256742.2756612
1574443849.006636,922840954.258163
1574443849.106702,922374710.6307454
1574443849.206787,921144070.2892052
1574443849.306838,922397413.8309917
1574443849.406902,922403294.556824
1574443849.506985,923394219.914208
1574443849.607058,924300507.3872465
1574443849.707132,924256440.30179
1574443849.80721,924363447.8936069
1574443849.907317,924210487.9197565
1574443850.007434,924329720.7056525
1574443850.107498,922294068.6616924
1574443850.207574,921622683.0390908
1574443850.307649,922424564.2232922
1574443850.407754,922375483.4593043
1574443850.507867,922375483.4593043
1574443850.607964,924308653.0544407
1574443850.708059,923959097.3454837
1574443850.808123,924015986.3795509
1574443850.908187,924149430.6692698
1574443851.008255,924092155.8254668
1574443851.108335,923759235.1236924
1574443851.208404,921308768.9200225
1574443851.308487,922348327.0405462
1574443851.408548,922785955.2859653
1574443851.508622,922667179.8760818
1574443851.608671,923151038.9510648
1574443851.708751,924245424.1869645
1574443851.808838,921174248.415995
1574443851.908922,920840540.8731726
1574443852.009033,922427522.6365967
1574443852.109109,924485879.723746
1574443852.209176,923764526.8697671
1574443852.309253,921908587.0191342
1574443852.409329,924019471.0542293
1574443852.5094,922560164.7834749
1574443852.609463,922525713.5364034
1574443852.709531,922481732.8485819
1574443852.809603,921526641.0361001
1574443852.909673,923842907.5713172
1574443853.009763,923926979.6988136
1574443853.109825,924407519.6607617
1574443853.209916,922494198.6785617
1574443853.310009,921208811.6038978
1574443853.410116,922130038.2540734
1574443853.510238,922283170.5220597
1574443853.610303,924722940.6376742
1574443853.710391,924555417.9664997
1574443853.81045,924890667.3746042
1574443853.91057,921649378.3485973
1574443854.010686,922717696.6710035
1574443854.110791,921212636.4380394
1574443854.210882,912487748.9090927
1574443854.310942,744904215.4013696
1574443854.411043,740165240.9173397
1574443854.511363,736363384.5561371
1574443854.611394,738399722.0150855
1574443854.711471,738937906.3964249
1574443854.811556,732961579.6990125
1574443854.911632,739996005.4320282
1574443855.011756,738542222.6979635
1574443855.111805,734744040.6793897
1574443855.211878,739475141.9287143
1574443855.31196,734451354.3463727
1574443855.412088,739866690.9841099
1574443855.512568,734136403.0901079
1574443855.612637,739766724.7590091
1574443855.712704,738694374.4418626
1574443855.812809,733811469.9264576
1574443855.91286,739477425.8797681
1574443856.013278,734875254.6030474
1574443856.113372,740971142.1346921
1574443856.213995,735167300.5188735
1574443856.314117,740836956.2105082
1574443856.414883,734353047.2339654
1574443856.514981,739419991.3848149
1574443856.615075,738497577.0037373
1574443856.715143,732991280.994427
1574443856.815216,740121253.5729287
1574443856.915683,735365055.8232611
1574443857.015779,739840827.1178428
1574443857.115867,739394068.5974417
1574443857.215925,733735140.6469699
1574443857.315971,738356062.2610512
1574443857.416592,734012217.9559323
1574443857.51665,739324578.7785456
1574443857.616746,737749985.7521437
1574443857.716826,735660279.9603164
1574443857.816903,740255846.1412785
1574443857.917183,735219978.7006435
1574443858.017243,739787887.3035518
1574443858.117319,739785553.8870012
1574443858.21737,731695686.8579057
1574443858.317477,738847673.9882864
1574443858.417567,739283062.2244252
1574443858.517677,733712788.735443
1574443858.617784,739512341.9878722
1574443858.717968,735881652.8084092
1574443858.818065,740399226.2093568
1574443858.918652,735753607.8154846
1574443859.018725,740829597.3899982
1574443859.119335,735547760.1576241
1574443859.219406,739058142.7688464
1574443859.319474,740084203.9328163
1574443859.419547,733916049.2407615
1574443859.519637,738897831.0545812
1574443859.620187,734764878.8793528
1574443859.720294,739204270.5024987
1574443859.820349,738006496.6064334
1574443859.920466,733683061.8177173
1574443860.020546,740313424.6189531
1574443860.12114,734953959.0424271
1574443860.221251,739463527.9485871
1574443860.321968,735876180.6887383
1574443860.422047,740715887.3583194
1574443860.522495,735406965.2245433
1574443860.622544,739546885.6600342
1574443860.722581,738471537.8736546
1574443860.822757,731744166.1748824
1574443860.922858,739058538.3537037
1574443861.022949,738270911.6917555
1574443861.123054,733637999.0698482
1574443861.223169,737884587.3736047
1574443861.323232,739173509.0233113
1574443861.423296,735024956.9912059
1574443861.523353,740019541.5660548
1574443861.623431,735342760.5384586
1574443861.723516,739755578.8549651
1574443861.823578,739810814.7598649
1574443861.923628,735900640.380233
1574443862.023735,738944513.8533794
1574443862.123806,734068608.8342081
1574443862.223875,738048424.3772477
1574443862.324541,735171097.2400092
1574443862.42465,739197224.0025357
1574443862.524766,738977097.384791
1574443862.624821,734250940.1538726
1574443862.72493,740600812.0938307
1574443862.82503,734883256.9989705
1574443862.925088,739516212.6814326
1574443863.025169,740422166.4323449
1574443863.125273,718472056.5295057
1574443863.225634,609051569.0188363
1574443863.325736,621865877.8616338
1574443863.425822,609769782.3740246
1574443863.525933,620188767.4368254
1574443863.626039,609184653.7960455
1574443863.726094,618865837.6041728
1574443863.826358,608516003.8645386
1574443863.926417,620134025.6692667
1574443864.02668,609258661.5113653
1574443864.12675,620765350.1547233
1574443864.226821,610129328.9305333
1574443864.326868,621700532.6536446
1574443864.426956,610836673.973321
1574443864.528254,614230725.7406003
1574443864.628357,622171573.7289449
1574443864.728463,612317244.4348352
1574443864.829512,614320302.550509
1574443864.929615,622259312.9069997
1574443865.029725,611519007.1822126
1574443865.130951,614083785.8848006
1574443865.231048,620469099.2992268
1574443865.331117,611063156.1481651
1574443865.431213,619934513.9895952
1574443865.531267,610104605.3761688
1574443865.631359,619880769.9022769
1574443865.732998,557575327.0291378
1574443865.833059,535436916.7940272
1574443865.934375,520841056.49123204
1574443866.034437,532321191.04599124
1574443866.136133,523349431.34577644
1574443866.2362,538322156.5810779
1574443866.336981,520330280.09588176
1574443866.437066,533157534.8117188
1574443866.537494,528848985.8916907
1574443866.637567,537352061.6837329
1574443866.738815,520087726.8532194
1574443866.838885,537011035.7188057
1574443866.939685,522280633.6259615
1574443867.039786,530966775.05932593
1574443867.139842,530957898.46527064
1574443867.239992,521006611.01111144
1574443867.340048,531783910.99932295
1574443867.440819,528861460.55837184
1574443867.540882,533378853.281269
1574443867.642575,522145915.95287424
1574443867.742656,534019047.16473913
1574443867.843932,521234294.1173921
1574443867.94401,535752449.5957018
1574443868.045398,521068293.4457576
1574443868.145446,532727076.0026034
1574443868.2471,522094388.29962826
1574443868.347157,532453514.38207304
1574443868.448608,523673420.8113763
1574443868.548656,537686206.6878493
1574443868.64924,523492080.06196624
1574443868.749345,532902017.08518517
1574443868.850986,521714218.51825774
1574443868.951077,537034681.4834883
1574443869.052278,519377470.64937145
1574443869.152376,530761775.54119253
1574443869.25244,529667029.91265965
1574443869.353466,519296603.42161924
1574443869.453525,531469358.36190677
1574443869.555431,522875523.7168675
1574443869.655506,533277151.00612307
1574443869.756866,522324553.98218477
1574443869.856939,533020134.6538761
1574443869.958487,522701570.3607192
1574443870.058544,532032063.50944936
1574443870.158672,530678167.2664585
1574443870.259443,517950510.79668945
1574443870.35953,531368008.8272811
1574443870.460264,528611613.7964301
1574443870.560292,531083855.5932333
1574443870.660394,531066103.4445231
1574443870.761056,518600822.28712803
1574443870.861114,532121257.7845843
1574443870.962916,523175912.28688663
1574443871.062981,533135762.75526947
1574443871.164308,522386023.1659508
1574443871.264384,531993163.8428578
1574443871.366043,523073916.8661226
1574443871.466099,532116183.58408666
1574443871.56779,522748859.38209933
1574443871.667847,531684557.2628723
1574443871.76955,522628834.57707995
1574443871.869611,532369416.0171079
1574443871.971284,523151098.72618234
1574443872.07136,533805253.80425733
1574443872.172789,522706833.8986381
1574443872.272873,532681895.0427984
1574443872.374387,522948415.0517126
1574443872.474471,533181840.34086686
1574443872.575936,521655305.5979914
1574443872.676038,531429894.79335064
1574443872.77781,522699715.4394279
1574443872.877898,531462289.2532471
1574443872.977993,531440025.9513869
1574443873.078732,517924762.1839599
1574443873.178762,531552247.34826684
1574443873.278874,531228716.31548244
1574443873.379602,518510395.4859426
1574443873.479662,532826397.4290755
1574443873.581184,522710166.9008566
1574443873.681239,532193950.39337116
1574443873.782875,522470776.6954987
1574443873.882914,531968650.4143009
1574443873.984796,522749610.9120284
1574443874.084854,533020134.6538761
1574443874.186512,521646880.17534924
1574443874.28661,531766630.0223136
1574443874.388244,522709870.8609757
1574443874.488319,531428628.4257558
1574443874.590166,522607775.0886868
1574443874.690266,533745493.46347415
1574443874.791805,521906185.5945117
1574443874.891877,533236332.4507249
1574443874.993331,522011379.5444817
1574443875.093386,531668079.17379487
1574443875.194747,525032983.30920166
1574443875.294769,531704839.39012617
1574443875.396669,522786258.01944077
1574443875.496751,532653971.8483918
1574443875.5986,521233528.8748141
1574443875.698677,531508421.37306774
1574443875.800481,521940710.20158756
1574443875.900574,530571928.93595237
1574443876.000607,530256606.8695256
1574443876.101643,518119600.6688465
1574443876.201733,530429586.96046615
1574443876.301808,531656387.0190348
1574443876.402468,519255990.12172955
1574443876.50256,533250460.5852491
1574443876.604084,522896804.29845357
1574443876.704161,533899436.3675282
1574443876.804985,525269727.9681232
1574443876.905054,533887990.1877048
1574443877.006316,522328169.02007604
1574443877.107919,533573951.573099
1574443877.20799,532193950.39337116
1574443877.309573,522923625.36426055
1574443877.409652,533193117.9582777
1574443877.511419,521756748.0072576
1574443877.611455,530583850.344144
1574443877.711544,530656106.5335173
1574443877.811926,521182504.2833746
1574443877.912028,530634608.96464556
1574443878.012106,530653424.65970176
1574443878.112485,521277161.6552537
1574443878.212574,535408515.63090926
1574443878.313982,521314350.8678109
1574443878.414065,532846955.5177423
1574443878.515603,521946653.2296797
1574443878.615684,532436066.662364
1574443878.717338,522917066.14308107
1574443878.817372,533373767.24621856
1574443878.918988,522305208.7477204
1574443879.019087,538702207.7013999
1574443879.119848,519860940.50773185
1574443879.219911,531614849.2503969
1574443879.321652,522834425.52919555
1574443879.421731,531561629.98455465
1574443879.523428,522532011.059692
1574443879.623505,532546488.97140867
1574443879.725145,522554169.5223645
1574443879.825236,531667300.61536115
1574443879.925291,531237680.3504151
1574443880.026275,518003446.8133523
1574443880.126364,532162236.4661154
1574443880.227401,524908224.5617826
1574443880.327479,532256481.788456
1574443880.429233,522604246.76922935
1574443880.529298,532195219.02908456
1574443880.631112,522556417.4252415
1574443880.731233,532577541.28524315
1574443880.832859,522029281.7105177
1574443880.932961,532792592.02054954
1574443881.034684,521863052.7306583
1574443881.134801,532928684.2181707
1574443881.235885,523918486.4472844
1574443881.335967,531445821.3505711
1574443881.436036,531609780.2897694
1574443881.536653,518492541.66171384
1574443881.636757,531939915.20809513
1574443881.738527,522756076.35583705
1574443881.838626,532134718.7957678
1574443881.940254,522398433.88680625
1574443882.040317,532314846.3054794
1574443882.142128,523487045.370471
1574443882.242248,532328227.0129578
1574443882.343601,522538485.5811677
1574443882.443716,533222653.5241449
1574443882.54526,522560408.49939036
1574443882.645322,538297442.7504166
1574443882.746215,520545144.32089585
1574443882.846288,533288590.57585233
1574443882.947629,522900168.94825864
1574443883.047742,533012709.5910293
1574443883.149327,522349335.9505339
1574443883.249393,530610412.9296258
1574443883.349454,532263734.3405007
1574443883.450265,518664415.1700428
1574443883.550368,532144863.5839402
1574443883.652151,522026236.0512365
1574443883.752203,529352704.6493698
1574443883.852291,531193946.12840116
1574443883.953261,518884329.39265406
1574443884.053335,536662326.5048005
1574443884.154426,521027500.88743126
1574443884.254521,532756794.4289071
1574443884.356081,522929766.915697
1574443884.456177,533225043.62057376
1574443884.557728,522140624.7510461
1574443884.657785,533969439.77419233
1574443884.759168,522139004.82851684
1574443884.859258,530013165.2810014
1574443884.95937,530707392.91591966
1574443885.060043,520521234.68669814
1574443885.160139,540323061.1094849
1574443885.261039,518019865.07905287
1574443885.361118,532330419.0005458
1574443885.462728,522543153.4657188
1574443885.56279,532415437.5652356
1574443885.664332,523291814.6215969
1574443885.76441,532029936.9795109
1574443885.865943,523479725.64335954
1574443885.966044,532671469.8571435
1574443886.067376,524585218.28002626
1574443886.167437,532604891.693276
1574443886.269247,521551350.25568587
1574443886.36932,531794514.80613905
1574443886.469397,530282679.2103502
1574443886.569749,520702577.13753736
1574443886.669827,532931009.39239204
1574443886.771466,521641809.5581177
1574443886.87154,537563178.0963676
1574443886.972608,520555842.2578425
1574443887.072687,531557829.01615316
1574443887.172807,530670722.5536015
1574443887.273567,518154797.61020195
1574443887.373637,531794053.4501588
1574443887.475477,522867235.17982066
1574443887.575574,531824125.06547254
1574443887.677383,522218548.20883334
1574443887.777448,537885810.2052354
1574443887.878583,519970541.2998698
1574443887.978677,532745367.73741645
1574443888.080179,521817642.90771675
1574443888.180272,531582410.0142653
1574443888.281025,528365161.6468683
1574443888.381088,530924990.30990374
1574443888.481191,530513768.8255457
1574443888.582078,518535694.35907716
1574443888.68218,530461191.00173026
1574443888.782245,531994013.8382986
1574443888.882941,518472683.9891039
1574443888.983037,532871316.01873183
1574443889.084611,522862217.7832078
1574443889.18476,533838375.41877586
1574443889.285547,524805426.33870566
1574443889.385681,532949214.5764495
1574443889.486736,525664027.6472555
1574443889.586783,531105380.1852439
1574443889.686918,530818107.3942155
1574443889.787605,518582009.1396675
1574443889.887705,531102804.45159566
1574443889.987785,531256568.9752861
1574443890.088518,518069478.09696645
1574443890.188616,541442789.8425562
1574443890.289224,518802455.57728636
1574443890.389326,533854912.6504421
1574443890.490769,522210409.7614939
1574443890.590874,532366283.0772281
1574443890.69232,523216463.2015932
1574443890.79243,531235046.2089848
1574443890.892498,531624987.4616562
1574443890.993118,518640545.04394495
1574443891.093183,532267899.9260038
1574443891.193281,530403042.47589815
1574443891.294038,518225950.64452815
1574443891.394117,532313926.0063205
1574443891.495906,522441347.0808893
1574443891.596005,532283480.08644134
1574443891.697694,522384970.70467764
1574443891.797795,532614347.18357015
1574443891.899389,521842821.8245332
1574443891.999494,536712287.1528824
1574443892.100634,520640154.70646054
1574443892.200705,531247126.55388325
1574443892.300779,531351543.17878944
1574443892.401397,518875818.43363154
1574443892.501487,532182909.98483324
1574443892.603181,522282049.0527387
1574443892.70326,532256481.788456
1574443892.804906,522767463.0519293
1574443892.904977,531945825.4003981
1574443893.006641,522954999.2670343
1574443893.106748,532113162.40514517
1574443893.208629,521752603.78565025
1574443893.308705,532288200.04685366
1574443893.410348,522125020.23535156
1574443893.510402,531767430.3418242
1574443893.612048,523403873.16612023
1574443893.712158,531971609.53984165
1574443893.813852,522639867.38119876
1574443893.913982,532143980.8373884
1574443894.015856,522237035.58312553
1574443894.11595,532029079.23590195
1574443894.216061,529772728.35587543
1574443894.316781,518062380.6544693
1574443894.416832,530883834.7590186
1574443894.516906,530987649.33632076
1574443894.617202,521613862.6131578
1574443894.717292,532308851.4444725
1574443894.819071,522160921.83089876
1574443894.919181,533024140.3004368
1574443895.020689,521952678.98880136
1574443895.12078,531382492.7732618
1574443895.220845,530330713.20670307
1574443895.321788,518889234.4536444
1574443895.421835,533543011.9725827
1574443895.523156,522484403.9588029
1574443895.62322,531366742.2027055
1574443895.724646,525573610.27026314
1574443895.824742,532115306.78971505
1574443895.926344,522170303.4694875
1574443896.026424,531450888.2888497
1574443896.126526,531424287.9407381
1574443896.227382,518088989.25236773
1574443896.327475,532372290.4224396
1574443896.429155,522659530.53565603
1574443896.529226,538969528.5928489
1574443896.629984,519915755.830303
1574443896.730076,536961120.2551898
1574443896.831212,520743308.1826553
1574443896.93132,531970764.67653775
1574443897.032943,522538224.71793354
1574443897.133033,536571520.912998
1574443897.234389,519794300.9741769
1574443897.334436,531447818.35105413
1574443897.434546,531460289.42634356
1574443897.535363,517677215.7380978
1574443897.635474,535665246.7298695
1574443897.736898,520524477.9806808
1574443897.836985,531177487.67826337
1574443897.938707,522873833.1340878
1574443898.038827,532114430.3797777
1574443898.140609,522465836.78688985
1574443898.240697,536151803.3440346
1574443898.341984,521255164.2610881
1574443898.442077,533745493.46347415
1574443898.543444,521722137.1781749
1574443898.643521,532283124.87147546
1574443898.7451,522997211.52443135
1574443898.845205,533497406.73040384
1574443898.946639,522286550.37675405
1574443899.046726,532861156.77626395
1574443899.148361,523129306.1433333
1574443899.248424,536917631.9331666
1574443899.349727,520101006.1615931
1574443899.44983,532018936.65503764
1574443899.551517,522002609.2547901
1574443899.651583,536495924.3907516
1574443899.752886,520264181.068834
1574443899.852953,530535791.4728971
1574443899.953023,530398486.7402061
1574443900.053961,518557390.0572525
1574443900.154056,531425554.56359994
1574443900.254129,531331279.166064
1574443900.354847,518317080.1300417
1574443900.454918,533152285.150814
1574443900.556454,522835376.2064955
1574443900.656508,532809884.46360075
1574443900.757665,525368805.29437983
1574443900.857721,533858702.03072464
1574443900.95912,521791041.99102545
1574443901.059192,532636916.2897993
1574443901.160149,525736942.82317585
1574443901.260205,532043479.4721699
1574443901.36139,525878961.9911262
1574443901.461484,538462660.469373
1574443901.562362,519922218.95180935
1574443901.662428,532536333.2837385
1574443901.762518,530423266.60410845
1574443901.863213,518488649.9564854
1574443901.963294,530814904.2149362
1574443902.063369,530962337.6932024
1574443902.163518,522077925.9681693
1574443902.263553,537585755.1867102
1574443902.364899,519050102.72452414
1574443902.466071,535897494.23147726
1574443902.56616,535539619.8406589
1574443902.667197,523478802.2572181
1574443902.767305,530807988.91198575
1574443902.867392,530945886.41919285
1574443902.968035,518541348.2280239
1574443903.069786,533059741.20748365
1574443903.170424,540805948.8233408
1574443903.270547,536712287.1528824
1574443903.370628,533442436.90447295
1574443903.471057,531702879.40300155
1574443903.572287,535791839.3293009
1574443903.67238,540619022.3790475
1574443903.773429,517520421.7203615
1574443903.873517,529308277.58089167
1574443903.97363,530282204.5440854
1574443904.074241,521770105.1088827
1574443904.174295,533989807.84864205
1574443904.275683,522704432.61939853
1574443904.375783,531939915.20809513
1574443904.47756,522233142.7506195
1574443904.577649,532157162.58850956
1574443904.679356,522551667.17897797
1574443904.779811,519092889.3918462
1574443904.879919,520571390.9506897
1574443904.980585,497509742.1332215
1574443905.080687,509663267.2941894
1574443905.182569,502588514.8607312
1574443905.284228,513775801.9196666
1574443905.384304,505037841.4682884
1574443905.484393,515287010.86097515
1574443905.586379,491572507.275214
1574443905.686461,504573407.5823315
1574443905.786586,505102111.8397278
1574443905.886667,504659143.51468754
1574443905.986772,499488591.12685114
1574443906.088185,501262629.5789429
1574443906.188245,505021943.3776438
1574443906.288307,509877109.3028188
1574443906.3892,503267134.54705715
1574443906.491391,502098333.8545663
1574443906.591985,506288093.44560945
1574443906.692043,515456539.02960026
1574443906.792156,503712878.43563044
1574443906.893078,498500058.9075301
1574443906.993156,510288374.63633376
1574443907.094536,504283497.45711917
1574443907.194618,514852825.78149885
1574443907.295981,500326890.7635556
1574443907.396057,511848541.9639865
1574443907.496133,506204365.3760214
1574443907.598201,493482752.7646006
1574443907.698317,510992859.39144236
1574443907.799458,505440681.08102703
1574443907.899569,510094783.24512833
1574443908.001418,501836849.1638162
1574443908.101501,514979326.87755686
1574443908.202635,501534243.86878055
1574443908.302758,499772213.33783084
1574443908.402846,515665119.4149425
1574443908.504163,499435055.23891324
1574443908.604241,510911279.5712049
1574443908.704904,507916663.8653117
1574443908.805001,516740619.6398021
1574443908.90509,500369749.9459122
1574443909.00519,505098037.112294
1574443909.105289,514954353.57711244
1574443909.205356,497111086.1552207
1574443909.305463,498306146.86504453
1574443909.406294,507065849.97704065
1574443909.506341,509459947.27019745
1574443909.606441,504477213.1610665
1574443909.708375,498323418.4564883
1574443909.808464,516239206.4682141
1574443909.909041,502675896.4743475
1574443910.00914,512070383.8049446
1574443910.110858,501848941.8460326
1574443910.210909,515461454.55308354
1574443910.310992,505569884.0337285
1574443910.411113,505756797.96464115
1574443910.511189,505978776.0610771
1574443910.611267,504755385.24334854
1574443910.711334,499175665.84863293
1574443910.812226,502463009.9312549
1574443910.912308,514759562.455953
1574443911.013875,499623220.2989287
1574443911.113978,514228925.3453255
1574443911.214039,503954236.97900045
1574443911.315689,495269633.4573511
1574443911.415779,510729305.6809922
1574443911.515872,500485549.47147244
1574443911.615955,510111499.4007603
1574443911.716068,500310129.16961014
1574443911.81615,501593334.82504845
1574443911.916235,510438225.89788884
1574443912.016384,510350896.64590985
1574443912.116488,511022088.3515532
1574443912.217686,504040430.55569935
1574443912.317774,509683516.9709775
1574443912.417855,510101773.102845
1574443912.519481,494499100.6217749
1574443912.619644,499838189.95613515
1574443912.719702,505585427.9129487
1574443912.819847,509526846.3558696
1574443912.920068,505528249.97873837
1574443913.02021,508063376.1913356
1574443913.121807,505795419.8088986
1574443913.223316,514151654.4456617
1574443913.324056,512050281.88136107
1574443913.425836,499958111.00781006
1574443913.525923,515899401.9945051
1574443913.626646,501851233.8013363
1574443913.726737,510302968.272375
1574443913.826773,505631232.53831905
1574443913.92864,496998297.4892112
1574443914.028692,507489474.23370963
1574443914.128795,504840209.37516534
1574443914.228862,510082014.1135368
1574443914.328958,509225630.19855255
1574443914.429059,510156778.9744985
1574443914.529277,500505176.3228425
1574443914.629358,520665690.1691709
1574443914.730099,497474376.8248688
1574443914.831523,514856723.15777344
1574443914.933387,511706089.9344767
1574443915.033498,511273221.3187818
1574443915.135799,498592482.13708484
1574443915.235869,520701681.7715739
1574443915.336548,497640958.33689433
1574443915.436648,506083737.13148415
1574443915.536813,505055662.29669195
1574443915.638552,502755425.93473506
1574443915.740798,509678104.4308063
1574443915.840854,516789859.9902551
1574443915.943091,498815717.8466069
1574443916.043144,504452398.37505573
1574443916.144541,505306651.31313854
1574443916.244624,513923193.8775088
1574443916.344697,505428634.1171125
1574443916.446247,495592843.7824469
1574443916.54634,510645481.5128622
1574443916.646441,509566915.71647537
1574443916.747398,497651516.05628425
1574443916.847504,505563985.0167196
1574443916.947593,510862326.02408
1574443917.049803,493884873.8053035
1574443917.149926,520514331.6999766
1574443917.2515,493678474.66796947
1574443917.351551,516725773.68067515
1574443917.452288,501516550.21542555
1574443917.552418,510175302.2521926
1574443917.652506,505626521.8780042
1574443917.752591,505142813.0977319
1574443917.853851,494964069.99189734
1574443917.953934,510671039.283857
1574443918.05401,509159592.32622635
1574443918.155052,496630021.7670207
1574443918.255163,508816433.24339134
1574443918.355219,498399393.19637364
1574443918.455344,499367182.97966117
1574443918.555444,505530124.6182275
1574443918.656812,503786031.79621166
1574443918.756947,520457284.95629466
1574443918.857679,497699027.8580547
1574443918.957772,511887482.0713966
1574443919.057863,515780921.1484738
1574443919.157952,504875101.7835676
1574443919.260202,498994845.76891416
1574443919.360262,516241523.9880899
1574443919.460957,502045979.788963
1574443919.561026,510968397.66887945
1574443919.66272,502478809.63167536
1574443919.764575,512543420.2865943
1574443919.866791,510110618.41940266
1574443919.966866,510354052.5726053
1574443920.068129,504990751.2463857
1574443920.168243,509104991.54207385
1574443920.268366,505806370.1570823
1574443920.369167,502553265.7099965
1574443920.469286,515400680.6697134
1574443920.569353,508943766.8074924
1574443920.669454,515709630.94687426
1574443920.769501,503974660.9971106
1574443920.869583,509541416.30331725
1574443920.970802,505877604.99413157
1574443921.070923,511041666.4178222
1574443921.17103,499756210.55317605
1574443921.271136,505958309.42199177
1574443921.371189,463781521.2887388
1574443921.471272,464907394.166472
1574443921.571346,462303659.1849133
1574443921.671436,463623954.35728693
1574443921.773731,452731661.10988796
1574443921.873825,461433615.38067025
1574443921.973848,461850115.90865785
1574443922.073906,461090222.2702548
1574443922.173963,462141440.0244109
1574443922.274064,461512012.07354945
1574443922.37418,463003954.09120023
1574443922.476226,452069716.83221275
1574443922.576282,464267960.8292274
1574443922.676378,463606053.5050033
1574443922.77646,463379061.1166529
1574443922.878866,453091219.2588327
1574443922.978912,464156579.6626083
1574443923.078973,463911991.11151373
1574443923.179047,464846992.9579742
1574443923.279155,460220848.9548483
1574443923.38133,450868067.4574026
1574443923.481399,461396228.8291758
1574443923.58151,462374370.9435541
1574443923.681563,460570396.4656029
1574443923.781627,462085260.7848671
1574443923.88169,462604739.7136584
1574443923.981747,462692989.57431287
1574443924.083796,450982360.987398
1574443924.183857,463356022.98335373
1574443924.283922,461802772.29986864
1574443924.384026,463939037.9057097
1574443924.48412,461734526.50655127
1574443924.586419,452641248.56310016
1574443924.686478,463230244.2202254
1574443924.786588,462855085.34859586
1574443924.886681,463503522.50660247
1574443924.98675,462790053.736365
1574443925.08892,451515555.8926966
1574443925.189027,462031472.7207606
1574443925.289085,464416975.3180048
1574443925.389135,464031143.13250625
1574443925.491486,454751066.6495304
1574443925.591597,463786784.11338353
1574443925.691711,464976645.02429676
1574443925.79178,464193091.27036697
1574443925.893921,452392492.19856644
1574443925.993982,462988636.819927
1574443926.09406,462026892.90863204
1574443926.194157,461535108.84619474
1574443926.29425,462701820.68901616
1574443926.394337,462855116.25245667
1574443926.496297,451501964.64239305
1574443926.596432,464938975.177579
1574443926.696501,463516974.52448404
1574443926.796591,463008436.6624509
1574443926.896652,463332825.08016354
1574443926.998667,451411808.6143686
1574443927.098755,463105481.3337528
1574443927.198854,463720734.1542509
1574443927.298919,462238532.32207716
1574443927.399024,462822023.89256513
1574443927.50116,451486444.39350677
1574443927.601242,462358854.49162185
1574443927.70132,463091132.3917258
1574443927.80141,462387505.56214476
1574443927.90149,462433795.562344
1574443928.00385,453477114.63965863
1574443928.103954,464281958.80165094
1574443928.204053,463370065.07877636
1574443928.304134,463683402.7656409
1574443928.406412,453853645.1965826
1574443928.506475,465041497.4862747
1574443928.606525,465431138.10374236
1574443928.706607,463646934.89869636
1574443928.808703,452005241.2631579
1574443928.908836,463276224.34949344
1574443929.008926,463179335.6053709
1574443929.108985,462683063.3566537
1574443929.209056,461631920.4687565
1574443929.309122,462465763.11482555
1574443929.410987,450916724.5764066
1574443929.511106,463762988.93677723
1574443929.611191,464124498.4455487
1574443929.711271,463165094.150836
1574443929.811356,463790629.41435176
1574443929.913262,451230253.31805074
1574443930.013356,463868577.0204791
1574443930.11343,463591906.74582094
1574443930.213477,462313471.9316412
1574443930.313555,463818001.2196215
1574443930.415579,451696087.9234375
1574443930.515686,464036021.52302474
1574443930.615786,463939037.9057097
1574443930.715864,463017265.7298936
1574443930.815939,462910280.70306516
1574443930.917631,451966686.282552
1574443931.017691,463558965.76329565
1574443931.117792,463636990.11233103
1574443931.217882,463396568.1675282
1574443931.317992,463562970.10990644
1574443931.419937,451463285.07320726
1574443931.519996,463999063.2453341
1574443931.620099,463827676.9610234
1574443931.720206,463915822.2154358
1574443931.822493,453116645.8564243
1574443931.9226,463934615.690328
1574443932.022716,464045973.49275583
1574443932.122828,463536461.23125166
1574443932.22289,462507658.32256097
1574443932.325066,450050213.80177087
1574443932.42517,463467073.82522494
1574443932.525257,463290713.877416
1574443932.625311,463323988.39468557
1574443932.7254,463164985.67469084
1574443932.827543,451163954.10182536
1574443932.927644,463535557.8989957
1574443933.027758,463467073.82522494
1574443933.127818,464072849.77975255
1574443933.227951,463707473.62424934
1574443933.329737,452542422.95023966
1574443933.429788,464610313.30616134
1574443933.529872,464291200.1778748
1574443933.629954,464628669.38654715
1574443933.732032,451634549.02339274
1574443933.832089,464148083.7255174
1574443933.932202,464467034.76988035
1574443934.032278,464754449.0680498
1574443934.134317,452633410.98036283
1574443934.234395,462674240.40960413
1574443934.334473,463596326.8426123
1574443934.434577,463693349.5431846
1574443934.534663,463966678.66199255
1574443934.636788,451338244.8817628
1574443934.736963,463113929.14843035
1574443934.837057,463345773.24377996
1574443934.937112,462970976.7881984
1574443935.037204,462332410.5008686
1574443935.139469,451601956.16650766
1574443935.23958,462636770.36942714
1574443935.339678,464170602.18716997
1574443935.439758,463646934.89869636
1574443935.53987,462970857.00576156
1574443935.641797,451334121.59642756
1574443935.741884,463758309.7748776
1574443935.841999,463420692.8842908
1574443935.942116,464336882.23440135
1574443936.044523,453753433.70859635
1574443936.144617,465800432.1580051
1574443936.244675,463772939.1291611
1574443936.344811,463517489.3325584
1574443936.446984,452305454.3493982
1574443936.547059,464166536.80417794
1574443936.647117,463063623.85885686
1574443936.747216,463845362.588094
1574443936.847277,462697401.3633178
1574443936.949329,451183184.1046255
1574443937.049397,464072849.77975255
1574443937.149485,462604771.45861435
1574443937.249532,462285917.7802264
1574443937.349626,463591691.4835192
1574443937.451459,452612481.7956296
1574443937.551527,463762988.93677723
1574443937.651634,463688689.1715854
1574443937.751691,463809426.8211509
1574443937.851803,463656648.61749023
1574443937.95361,451130130.7710301
1574443938.053708,465235923.20568895
1574443938.153813,464606051.90322757
1574443938.253898,462733801.28094417
1574443938.356109,453000415.54757917
1574443938.456192,464253575.73158866
1574443938.556234,462410569.0622075
1574443938.656288,462539636.088318
1574443938.758488,441245765.61638844
1574443938.858818,420591577.09078026
1574443938.9589,424289461.652817
1574443939.058979,426175773.05951226
1574443939.159038,419948131.86927855
1574443939.259103,425077464.8846085
1574443939.361864,414705135.0865303
1574443939.461955,426352513.9956625
1574443939.562018,427609303.2982329
1574443939.662115,422114421.8564564
1574443939.764049,415351632.993169
1574443939.864129,421822300.1978846
1574443939.964232,426978291.73793
1574443940.064321,437592848.89664674
1574443940.164354,463461917.2605956
1574443940.266471,451026834.84121865
1574443940.366568,462340123.0190363
1574443940.466624,462994155.85614395
1574443940.566674,463202636.0210171
1574443940.666761,464809325.35762393
1574443940.768784,451355185.2155707
1574443940.868843,464133698.879408
1574443940.968908,464861396.8892141
1574443941.069011,465023186.7926654
1574443941.171126,452154577.0001378
1574443941.271233,462965341.2848841
1574443941.371324,462934506.4392025
1574443941.471403,464138879.13235646
1574443941.571515,462683075.50058144
1574443941.673597,451865838.6706827
1574443941.773695,464139231.4070076
1574443941.873755,461557914.2264994
1574443941.973807,461710059.454379
1574443942.076651,434967914.4860728
1574443942.176769,426580034.89645904
1574443942.276838,427724104.20080954
1574443942.376889,421628850.09271467
1574443942.47887,415654697.3019522
1574443942.578912,422687462.1554395
1574443942.67901,426202185.1289129
1574443942.779135,437033840.3800973
1574443942.879193,463522499.25284094
1574443942.981142,450973701.52976054
1574443943.081213,461469592.29736996
1574443943.181283,463726508.55063194
1574443943.281354,462127118.5289084
1574443943.381469,463077801.365783
1574443943.481553,463341509.4232324
1574443943.583392,451106567.83926773
1574443943.683451,464239568.8978504
1574443943.783502,463002986.58778036
1574443943.883608,463925771.5124722
1574443943.983716,463629255.5734284
1574443944.08542,451337072.17339385
1574443944.185509,462872767.44612056
1574443944.285574,459955020.68184763
1574443944.385656,462145993.39867395
1574443944.485752,462809891.21285754
1574443944.585874,462734903.3110593
1574443944.688233,452045185.2818824
1574443944.788288,462775724.6207875
1574443944.888365,463703296.7474871
1574443944.988432,464207476.2081897
1574443945.088528,463442955.8687498
1574443945.190389,451406735.98677236
1574443945.290483,463632570.34421587
1574443945.390585,463693108.90588176
1574443945.490707,462457081.454289
1574443945.590791,462808807.59423137
1574443945.692961,451549927.1886375
1574443945.793053,463396568.1675282
1574443945.893171,461826345.5965077
1574443945.993251,463884054.59970206
1574443946.093321,462554016.83971864
1574443946.195603,451784349.3175552
1574443946.295679,464610313.30616134
1574443946.395784,463879345.1103709
1574443946.495877,464545623.85623014
1574443946.598158,452626108.18104506
1574443946.698218,465176175.36803156
1574443946.798275,463693590.3009658
1574443946.89837,463749467.9045381
1574443947.000627,452887620.41953814
1574443947.100752,464013122.5478093
1574443947.20085,462647794.5599634
1574443947.300921,462827562.97210205
1574443947.400985,462095173.7757999
1574443947.503268,451779081.11317587
1574443947.603391,464128573.57741886
1574443947.703458,463994638.781401
1574443947.803542,464259108.3559539
1574443947.905715,453453668.9099264
1574443948.00583,464457074.67192125
1574443948.105874,464731687.08902913
1574443948.20595,463577542.0133286
1574443948.308395,452675024.011699
1574443948.408461,463409990.6113042
1574443948.508519,462151355.4259123
1574443948.608594,462914694.42717016
1574443948.708657,462929039.6118101
1574443948.810824,452610915.18133724
1574443948.910916,464105694.27658165
1574443949.01101,465259207.28804237
1574443949.111107,463499104.1792864
1574443949.21326,452551364.3383777
1574443949.313354,463392316.1087946
1574443949.413438,464152154.40347797
1574443949.513507,463916415.1037428
1574443949.613634,463350035.0124311
1574443949.715512,450998538.0756445
1574443949.815612,461869267.5902742
1574443949.915658,462424900.9477253
1574443950.01575,463179335.6053709
1574443950.11584,462998504.36404896
1574443950.215929,462720567.3964012
1574443950.317722,451370492.1468402
1574443950.417789,464481860.2393319
1574443950.517829,463086806.4046077
1574443950.617921,464267960.8292274
1574443950.717994,462901453.50734985
1574443950.819877,450652028.33974075
1574443950.919987,462683075.50058144
1574443951.020021,462164576.62311906
1574443951.120096,462562837.4100681
1574443951.220193,461631920.4687565
1574443951.320244,463183864.32521784
1574443951.422365,451555412.6323698
1574443951.522427,462474646.8418577
1574443951.622529,462063400.6642886
1574443951.722641,462730493.01475865
1574443951.822729,463031538.61076254
1574443951.925167,453050314.887947
1574443952.025259,464412126.6943958
1574443952.125324,464314441.8531716
1574443952.225444,463206815.1983111
1574443952.327503,453444561.2530688
1574443952.427587,465407167.06235206
1574443952.527662,463999851.9173755
1574443952.627779,464509093.22678053
1574443952.729808,452331783.48686415
1574443952.829885,464564903.67394924
1574443952.929977,465116298.2865479
1574443953.030025,463786206.7165335
1574443953.132212,452195648.15163785
1574443953.232292,462655492.7643346
1574443953.332363,463512554.83662057
1574443953.432432,463521394.29663354
1574443953.53249,462724976.95085114
1574443953.634653,452274829.9519325
1574443953.734734,462772404.434959
1574443953.834832,462383184.6637343
1574443953.934895,462558427.0828433
1574443954.03494,463356022.98335373
1574443954.137173,452811992.8942568
1574443954.237217,463239079.5390561
1574443954.337281,462617973.597309
1574443954.437384,463457134.27062577
1574443954.537481,463253176.50116295
1574443954.6398,452218033.37268627
1574443954.739895,463795891.4855563
1574443954.840009,463995112.3539722
1574443954.940108,464063666.9374309
1574443955.042196,453117073.0882365
1574443955.142274,463355866.70496905
1574443955.242381,463109801.91918635
1574443955.34244,462766898.139485
1574443955.442524,463636990.11233103
1574443955.544519,452407938.7826803
1574443955.644617,463707473.62424934
1574443955.744679,463976630.1405414
1574443955.844791,463146325.4976866
1574443955.944879,463665720.6592035
1574443956.046718,451405007.8541601
1574443956.146799,464577731.274237
1574443956.246931,463313756.0797747
1574443956.346986,464495586.6581794
1574443956.449384,452552690.64032507
1574443956.549432,464490049.77723527
1574443956.649503,464282346.8183506
1574443956.749601,463244345.06132877
1574443956.852032,453360021.0777756
1574443956.952085,463123240.80948895
1574443957.052131,461849014.78425026
1574443957.152178,463712139.0651561
1574443957.252222,461817084.4602445
1574443957.352262,462113899.4747205
1574443957.454158,450769767.5042515
1574443957.554266,462980785.6345453
1574443957.654363,462758058.74596876
1574443957.754418,462859560.9488681
1574443957.854506,463632570.34421587
1574443957.95657,452451482.6677136
1574443958.05665,463665720.6592035
1574443958.156764,463817729.3884498
1574443958.256863,462448196.22851723
1574443958.356954,464522824.6229623
1574443958.458773,451331365.8487353
1574443958.558833,464828158.3946955
1574443958.658898,463312943.01182675
1574443958.758934,463897613.71947324
1574443958.861333,453005469.7205055
1574443958.961371,464887991.10759807
1574443959.061442,463874104.60877895
1574443959.1615,463748617.1904133
1574443959.263826,452429185.24083567
1574443959.363876,463628375.0652154
1574443959.463976,462675357.3350301
1574443959.564014,462933453.69364625
1574443959.664132,462966444.4185455
1574443959.766371,451380947.93654114
1574443959.866482,462637872.76483864
1574443959.966546,462456944.03821564
1574443960.066593,462530814.1940412
1574443960.166671,461710059.454379
1574443960.266761,462475749.01641077
1574443960.368933,451457181.3604952
1574443960.469003,463244345.06132877
1574443960.569079,464272387.1924643
1574443960.669143,464031143.13250625
1574443960.771583,453610780.16954464
1574443960.871657,464573763.3929604
1574443960.971774,465188253.54606324
1574443961.071837,463406676.5393844
1574443961.173955,452215828.101879
1574443961.274004,463123240.80948895
1574443961.374069,463966987.79341614
1574443961.47413,464573763.3929604
1574443961.576361,453723212.2492947
1574443961.676691,465859215.92947584
1574443961.776763,464861930.0580497
1574443961.876845,464573302.40099144
1574443961.978711,451130553.82452327
1574443962.078781,465193919.68629247
1574443962.178863,463225702.997483
1574443962.278928,462609150.92408
1574443962.378988,462743730.2279099
1574443962.480965,451719330.38381475
1574443962.581057,461836025.88849056
1574443962.681171,461804337.41202706
1574443962.781262,462243062.14138603
1574443962.881322,463577753.7807807
1574443962.983723,453743920.68128484
1574443963.083782,463966987.79341614
1574443963.183882,463017194.2504075
1574443963.283985,463253176.50116295
1574443963.384061,463034924.8749818
1574443963.485998,452063469.44094056
1574443963.586076,464146622.94822395
1574443963.686135,463568912.17108077
1574443963.786246,463652229.5782125
1574443963.886348,461587096.42038447
1574443963.988464,451343833.49724025
1574443964.088538,463837901.78269553
1574443964.188595,463567806.9935821
1574443964.288677,464495145.1937191
1574443964.391001,453503247.14506096
1574443964.491086,464457506.46320456
1574443964.591133,464226288.6260248
1574443964.691226,463795625.1991851
1574443964.793329,453461829.3571312
1574443964.893421,465383873.96549964
1574443964.99351,463206934.12525713
1574443965.093606,463276360.63291
1574443965.193702,461891281.96408546
1574443965.295673,451343943.9393087
1574443965.395755,463276496.9845485
1574443965.495842,463762730.83648324
1574443965.595913,463725403.1739778
1574443965.695957,462891563.3503547
1574443965.797958,451665453.7889294
1574443965.898085,464221116.3699699
1574443965.998181,464870833.95579493
1574443966.098269,464018330.1863308
1574443966.200674,451506588.4645225
1574443966.300782,462498837.6480371
1574443966.400897,462776805.31925154
1574443966.500943,460807564.85694534
1574443966.601118,461649871.61859137
1574443966.701217,464376527.92054063
1574443966.803124,451162331.11842066
1574443966.903176,463095638.4611834
1574443967.003244,464421403.4185899
1574443967.103351,464239920.50971925
1574443967.203425,463063623.85885686
1574443967.305253,451088912.8513617
1574443967.405299,464388609.4220764
1574443967.505386,464373805.76211804
1574443967.605484,462503305.087705
1574443967.705593,462980785.6345453
1574443967.807665,450421470.33740497
1574443967.907719,462804394.7850513
1574443968.007831,461594795.66138786
1574443968.107938,463656648.61749023
1574443968.208031,461419319.80734724
1574443968.308124,463289749.4219226
1574443968.41016,450851897.7111141
1574443968.510269,464425407.6600345
1574443968.610387,465383210.4140388
1574443968.710456,464834224.0170505
1574443968.812445,452182933.875658
1574443968.912526,465597318.951328
1574443969.012594,464651927.4560437
1574443969.112653,462526403.37309486
1574443969.212743,461905385.68012035
1574443969.314674,450659018.4446826
1574443969.414748,463605167.2890592
1574443969.514818,463248890.1749811
1574443969.614889,461733425.9332412
1574443969.714943,463563386.3362832
1574443969.817092,452341364.0972981
1574443969.917173,464754449.0680498
1574443970.017249,464175387.9553311
1574443970.117339,463884054.59970206
1574443970.219572,452553566.962395
1574443970.319659,463448478.8327581
1574443970.419758,464202681.77389055
1574443970.519837,463499104.1792864
1574443970.619887,462872802.78519595
1574443970.721859,451159571.73311627
1574443970.821921,463188281.0579359
1574443970.922014,463795625.1991851
1574443971.022075,463188281.0579359
1574443971.122191,463859733.1532029
1574443971.224151,451194397.35285103
1574443971.324259,463280776.9211095
1574443971.424338,464735617.31188804
1574443971.524417,464166536.80417794
1574443971.626722,453407929.045454
1574443971.726788,463059208.399015
1574443971.826868,462989676.01208895
1574443971.926974,462498895.8956292
1574443972.027076,463559656.33426344
1574443972.12923,451765654.49494815
1574443972.22929,462873906.3057568
1574443972.32936,462817633.4650514
1574443972.429459,463253176.50116295
1574443972.529497,463082390.502651
1574443972.631647,452566537.4186199
1574443972.731724,463541081.69008607
1574443972.831846,463415171.9620391
1574443972.931929,464124498.4455487
1574443973.032028,463347031.3493745
1574443973.134034,450764874.9285231
1574443973.234105,463034924.8749818
1574443973.334175,462814323.7240462
1574443973.434249,463147429.49400026
1574443973.53435,464114543.10746306
1574443973.636485,451662144.3195949
1574443973.736537,463461917.2605956
1574443973.836626,462067638.73998934
1574443973.936702,462294844.0821059
1574443974.036786,463471676.7191417
1574443974.138969,453226771.90271604
1574443974.239019,462859560.9488681
1574443974.33908,462659885.89122033
1574443974.439162,462841878.74064136
1574443974.539273,462734903.3110593
1574443974.641676,452412091.77555686
1574443974.741753,463238952.5289603
1574443974.841813,464286773.4559071
1574443974.941931,463637868.28228533
1574443975.04199,462057558.244736
1574443975.144039,451212384.0223648
1574443975.244153,462276227.06276715
1574443975.344239,463656880.11169237
1574443975.444321,463396568.1675282
1574443975.544401,464123392.27578187
1574443975.646484,452482146.37653863
1574443975.746598,463590586.749493
1574443975.846685,464680238.63785815
1574443975.946743,464355397.13360333
1574443976.048825,452063880.79252297
1574443976.148903,463272079.67390525
1574443976.248971,462442613.7560824
1574443976.349041,462484504.7694886
1574443976.449151,463197985.5260316
1574443976.551568,452468359.86165774
1574443976.651644,464068425.0130553
1574443976.751724,462855116.25245667
1574443976.851801,462210987.10256076
1574443976.951855,462131525.0483678
1574443977.054149,452510007.71560687
1574443977.154241,462716156.26976556
1574443977.25431,463012851.1540825
1574443977.354416,463318171.97725874
1574443977.454507,463623731.0607777
1574443977.556579,451461284.41357136
1574443977.656684,463810262.57291794
1574443977.756796,464808805.5427445
1574443977.856823,464133698.879408
1574443977.959065,453089734.61418146
1574443978.059125,461918599.43112016
1574443978.159188,461914194.76345295
1574443978.259258,460599481.644821
1574443978.359328,463443133.9377676
1574443978.459416,462391913.7343156
1574443978.559486,460709806.51408386
1574443978.661416,451708633.70468354
1574443978.761531,460516608.70816463
1574443978.861627,457431020.57222396
1574443978.961734,462656614.2906817
1574443979.061799,456929318.52037615
1574443979.161903,461827446.0607961
1574443979.262009,460501787.00706136
